{
  "mean": [
    635.2026499152518,
    230.95627304643907,
    0.11496521739130433,
    1393.7896282608694,
    405.519890093469,
    146.92122780349663,
    1.252758695652174,
    1080.0,
    1393.6746630434782,
    1078.7472413043477,
    26.436912890336735,
    149.83779899229106,
    18.479565217383662,
    16.7311630434611,
    20.03005434786673,
    11637986.004913043,
    10.648599297982141,
    8723035.59397552,
    84.42458110222857,
    150.76081242679675,
    0.00013968675085809267,
    52.01087588317621,
    1199.8436989654153,
    188585.13373505627,
    4.165664218506918,
    209.62138840934276,
    175.5854130773222,
    137.066291424429
  ],
  "std": [
    39.63734914298189,
    14.405593990320552,
    0.21609925428657453,
    13.676990505072057,
    46.165035122469064,
    26.060227735811864,
    2.920079614074432,
    0.0,
    13.807983888939797,
    2.9200796140744476,
    6.801357259953171,
    43.89562529949277,
    2.3189416593895933,
    4.27737367714275,
    3.129767766371669,
    5730077.1534694005,
    15.842040165725429,
    15332447.273205394,
    50.087996175217846,
    45.69667046444871,
    0.0002483591000262702,
    74.15482113577299,
    1729.2848318837678,
    252716.09528687425,
    0.6347153339284904,
    29.208170277206307,
    13.741283473822191,
    49.160956503560286
  ]
}