{
  "mean": [
    16.261030779500317,
    72193.85,
    113.2362608277236,
    300.22125680095553,
    2.6299111694976975,
    6.93168387029691,
    20.828059168807123,
    2.809356313349877,
    0.04813884322903793,
    0.051732627796352806,
    0.6664468110033,
    1.1662796854561523,
    0.1491158292290158,
    2.9394445933805513,
    0.9489078334202705,
    0.8912855119224912,
    0.0015399559648391211,
    0.9975749755136067,
    0.21084948405785045,
    4.875704517775031e-13
  ],
  "scale": [
    1.7363609721495104,
    67007.39307291024,
    60.29082121526931,
    131.39409427658626,
    1.5881996349883298,
    3.1232398922666422,
    2.634792634892699,
    0.448875765471154,
    0.004674662363115465,
    0.026497716745725517,
    0.06703491308348207,
    0.19486897538666093,
    0.06232006052232006,
    0.03125567995288295,
    0.03812692095180867,
    0.09652607585593848,
    0.001051118381149165,
    0.0017283133581123455,
    0.167233693471265,
    3.38801380471975e-13
  ],
  "feature_count": 20
}