{
  "mean": [
    657.1759574639149,
    302.4208226334271,
    19.941666666666666,
    2341.7125,
    296.5464317654826,
    144.05980222753874,
    3.912499999999999,
    1591.3791666666668,
    1.4364035195478195,
    20.10707929704189,
    2344.772074936924,
    0.3018348204378239,
    -8.61626328744122e-07,
    27.348399170628237,
    2344.772074936924,
    0.9991992313068262,
    1.0120702183769075,
    0.0004778402704472718,
    836.3878649114087,
    483.5708333333334,
    815.2041666666664,
    222.3708333333333,
    359.48749999999995,
    721264.2156440016,
    3661550.6945833336,
    2.1435950611830363,
    0.0,
    502235.5416666667
  ],
  "std": [
    74.93218509873525,
    46.20093619240235,
    19.999498257595253,
    190.5028965495013,
    44.539734259195846,
    18.475306176034064,
    8.44458961406651,
    332.2928690417118,
    0.12130877523564733,
    2.632939685244313,
    210.55988937273062,
    0.012072330813297312,
    7.716621213367533e-07,
    3.6141020712341376,
    210.55988937273062,
    0.00045538014396092995,
    0.06544728370194146,
    7.209850297121227e-05,
    73.33700273584577,
    73.33749313485944,
    123.43485960607815,
    50.768465270994966,
    56.34847907219857,
    58948.67475255271,
    694130.4223166204,
    0.11902470473956216,
    1.0,
    2089.638465125141
  ]
}