{
  "n_participants": 23,
  "feature_means": [
    635.2026499152518,
    230.95627304643907,
    0.11496521739130433,
    1393.7896282608694,
    405.519890093469,
    146.92122780349663,
    1.252758695652174,
    1080.0,
    1393.6746630434782,
    1078.7472413043477,
    26.436912890336735,
    149.83779899229106,
    18.479565217383662,
    16.7311630434611,
    20.03005434786673,
    11637986.004913043,
    10.648599297982141,
    8723035.59397552,
    84.42458110222857,
    150.76081242679675,
    0.00013968675085809267,
    52.01087588317621,
    1199.8436989654153,
    188585.13373505627,
    4.165664218506918,
    209.62138840934276,
    175.5854130773222,
    137.066291424429
  ],
  "feature_stds": [
    39.63734914298189,
    14.405593990320552,
    0.21609925428657453,
    13.676990505072057,
    46.165035122469064,
    26.060227735811864,
    2.920079614074432,
    0.0,
    13.807983888939797,
    2.9200796140744476,
    6.801357259953171,
    43.89562529949277,
    2.3189416593895933,
    4.27737367714275,
    3.129767766371669,
    5730077.1534694005,
    15.842040165725429,
    15332447.273205394,
    50.087996175217846,
    45.69667046444871,
    0.0002483591000262702,
    74.15482113577299,
    1729.2848318837678,
    252716.09528687425,
    0.6347153339284904,
    29.208170277206307,
    13.741283473822191,
    49.160956503560286
  ],
  "feature_mins": [
    552.3428471866242,
    205.0534491873873,
    0.0001,
    1355.4076,
    364.80178310007,
    110.36373986343465,
    0.0001,
    1080.0,
    1354.8968,
    1067.25,
    13.450917508320082,
    53.86786501257993,
    10.0,
    10.0,
    16.688999999780208,
    3827667.258,
    1.0583893813205623,
    583986.0986392753,
    28.733249093130944,
    64.9675188799303,
    9.451835317752047e-06,
    1.3690808113749482,
    2.9638035527627946,
    49.544285727094056,
    3.375202868267072,
    168.19716252205143,
    141.0915762649592,
    89.7364538376766
  ],
  "feature_maxs": [
    685.6388664142761,
    252.73640148638688,
    0.8904,
    1407.1484,
    539.6368029327077,
    195.5475152553353,
    12.75,
    1080.0,
    1407.1483,
    1079.9999,
    40.07592363540917,
    237.14498897952777,
    19.88799999980256,
    19.869999999180436,
    29.3644999996759,
    20385619.85,
    74.53647735259423,
    74038085.2226701,
    252.20080261700897,
    233.09149904534613,
    0.0011446655529035175,
    254.18778293768787,
    5617.702754514119,
    843644.6415066421,
    5.573549717506496,
    276.60769034177724,
    193.4226411598455,
    254.2628244802951
  ],
  "feature_medians": [
    641.2573811952245,
    233.2749744242106,
    0.0017,
    1401.2627,
    394.4259343047169,
    146.50537119502846,
    0.0005,
    1080.0,
    1401.2626,
    1079.9995,
    27.610642744107604,
    151.19371549002526,
    19.875,
    19.85700000007637,
    19.887000000104308,
    13762420.766,
    3.251872499628504,
    3035397.4278631457,
    63.82832765711562,
    140.74109918875203,
    4.5299371515432074e-05,
    11.797709245392262,
    181.32178458591036,
    7632.276897607793,
    4.055017835789946,
    212.295411950632,
    176.93475834747096,
    118.24191145624428
  ],
  "feature_names": [
    "x_mean",
    "x_std",
    "x_min",
    "x_max",
    "y_mean",
    "y_std",
    "y_min",
    "y_max",
    "x_range",
    "y_range",
    "duration_mean",
    "duration_std",
    "duration_median",
    "duration_q25",
    "duration_q75",
    "time_span",
    "points_per_second",
    "path_length",
    "mean_distance",
    "std_distance",
    "path_efficiency",
    "velocity_mean",
    "velocity_std",
    "velocity_max",
    "spatial_entropy",
    "center_distance_mean",
    "center_distance_std",
    "center_distance_median"
  ],
  "age_stats": {
    "mean": 7.834782608695652,
    "std": 2.4674592980480203,
    "min": 2.7,
    "max": 11.7
  },
  "cars_stats": {
    "mean": 32.15217391304348,
    "std": 5.157170572860697,
    "min": 20.0,
    "max": 42.5
  }
}