{
  "mean": [
    635.2026499152518,
    230.95627304643907,
    0.11496521739130433,
    1393.7896282608694,
    405.519890093469,
    146.92122780349663,
    1.252758695652174,
    1080.0,
    1393.6746630434782,
    1078.7472413043477,
    26.436912890336735,
    149.83779899229106,
    18.479565217383662,
    16.7311630434611,
    20.03005434786673,
    11637986.004913043,
    10.648599297982141,
    8723035.59397552,
    84.42458110222857,
    150.76081242679675,
    0.00013968675085809267,
    52.01087588317621,
    1199.8436989654153,
    188585.13373505627,
    4.165664218506918,
    209.62138840934276,
    175.5854130773222,
    137.066291424429
  ],
  "scale": [
    39.63734914298189,
    14.405593990320552,
    0.21609925428657453,
    13.676990505072057,
    46.165035122469064,
    26.060227735811864,
    2.920079614074432,
    1.0,
    13.807983888939797,
    2.9200796140744476,
    6.801357259953171,
    43.89562529949277,
    2.3189416593895933,
    4.27737367714275,
    3.129767766371669,
    5730077.1534694005,
    15.842040165725429,
    15332447.273205394,
    50.087996175217846,
    45.69667046444871,
    0.0002483591000262702,
    74.15482113577299,
    1729.2848318837678,
    252716.09528687425,
    0.6347153339284904,
    29.208170277206307,
    13.741283473822191,
    49.160956503560286
  ],
  "var": [
    1571.1194470826472,
    207.5211382139596,
    0.0466988877032136,
    187.06006927583118,
    2131.2104678588025,
    679.135469642378,
    8.526864952533085,
    0.0,
    190.66041907722098,
    8.526864952533176,
    46.25846057751771,
    1926.82592043347,
    5.377490419652561,
    18.295925573913685,
    9.795446271419106,
    32833784184711.984,
    250.9702366124578,
    235083939385623.53,
    2508.8073608486375,
    2088.1856915364187,
    6.168224256585889e-08,
    5498.937497678486,
    2990426.029783271,
    63865424817.04451,
    0.4028635551239551,
    853.117210942278,
    188.82287150793886,
    2416.799644344946
  ],
  "n_features": 28,
  "n_samples_seen": 23
}