{
  "mean": [
    48.540653128372995,
    21.898225093001955,
    0.0,
    100.0,
    46.799771970539,
    19.86388005195052,
    0.0,
    100.0,
    200.0,
    50.0,
    706.7141148325359,
    19.174375008167832,
    14.920631063611884,
    19.174375008167832,
    14.920631063611884,
    3.5,
    0.5,
    1.016172248803837,
    29.65002334517155,
    13538.540215451181,
    4.093173709786116,
    0.034891825184921184,
    0.12053897171153774,
    0.36905488162327493,
    0.8574114701037772,
    0.06376638570042889,
    364.94736842105266,
    0.901749200774062
  ],
  "std": [
    5.750100443852472,
    3.150825173064845,
    1.0,
    1.0,
    6.746402851937458,
    3.2954671008400362,
    1.0,
    1.0,
    1.0,
    1.0,
    121.9608861207364,
    2.9695424980886775,
    1.8166106593663578,
    2.9695424980886775,
    1.8166106593663578,
    1.0,
    1.0,
    0.13462223948457613,
    3.971134779120225,
    3241.325325128002,
    0.3907815176791112,
    0.00385949228677985,
    0.047289482124516925,
    0.09008027478667395,
    0.15520829966328115,
    0.008553810320892998,
    81.1512092394031,
    0.049878054879782245
  ]
}